Nombre,Apellido(s)
Sofía,Martínez Gómez
Javier,Sánchez Romero
Sofía,Pérez Díaz
Marta,López Díaz
Carlos,Rubio Gómez
Andrés,Torres Díaz
Raúl,Sánchez Rubio
Carlos,Fernández Romero
Andrés,López Gómez
Paula,Martínez Pérez
Marta,Rubio Fernández
Lucía,López López
Carlos,Rubio Torres
Raúl,Sánchez Fernández
Carlos,Pérez Gómez
Carlos,Fernández Fernández
Javier,Pérez Romero
Sofía,Gómez Romero
Sofía,Rubio Díaz
Javier,Rubio Martínez
Carlos,Pérez Martínez
Andrés,López Romero
Andrés,Gómez Torres
Carlos,Torres Torres
Raúl,Romero Rubio
Lucía,Pérez Romero
Lucía,Gómez Torres
Sofía,Pérez Romero
Paula,Torres López
Martín,Rubio Gómez
Paula,Romero Rubio
Lucía,Fernández Martínez
Javier,Rubio Torres
Martín,Gómez Sánchez
Martín,Pérez López
Lucía,Rubio Torres
Marta,Torres Sánchez
Elena,Martínez López
Marta,Díaz Díaz
Carlos,López Fernández
Sofía,Pérez Torres
Marta,Rubio Fernández
Raúl,López Sánchez
Paula,López Torres
Lucía,Romero Pérez
Sofía,Martínez Fernández
Sofía,Romero Fernández
Sofía,Díaz Díaz
Elena,Rubio Torres
Lucía,Díaz Pérez
Raúl,Gómez Pérez
Lucía,Rubio Rubio
Paula,Martínez Martínez
Sofía,Romero Sánchez
Andrés,Sánchez Díaz
Javier,Romero López
Raúl,Gómez Rubio
Andrés,Romero Torres
Sofía,Pérez López
Sofía,Rubio Sánchez
Carlos,Sánchez Fernández
Lucía,López Fernández
Martín,Sánchez Pérez
Marta,Torres Torres
Elena,Pérez Torres
Javier,Sánchez Fernández
Paula,Fernández Romero
Sofía,Sánchez Martínez
Elena,Romero Pérez
Paula,Pérez Romero
Martín,Torres López
Carlos,Fernández Romero
Sofía,Rubio Sánchez
Lucía,Torres Sánchez
Paula,Sánchez Díaz
Javier,Pérez Díaz
Marta,Díaz Martínez
Andrés,Pérez Martínez
Javier,Fernández Martínez
Marta,Martínez Pérez
Sofía,Sánchez Romero
Raúl,Gómez Martínez
Paula,Díaz Díaz
Lucía,Fernández Sánchez
Carlos,Rubio López
Paula,Romero Torres
Javier,Torres Rubio
Carlos,Torres Torres
Lucía,Rubio Díaz
Sofía,Pérez Rubio
Raúl,Martínez Pérez
Lucía,Romero Martínez
Andrés,Sánchez Torres
Martín,Romero Torres
Marta,Díaz Martínez
Elena,Gómez Sánchez
Lucía,Fernández Díaz
Andrés,Rubio Rubio
Lucía,Rubio Romero
Elena,Romero Martínez
